sampler_label,aggregate_report_count,average,aggregate_report_median,aggregate_report_90%_line,aggregate_report_min,aggregate_report_max,aggregate_report_error%,aggregate_report_rate,aggregate_report_bandwidth
End Time BSF Sampler,13756,8,7,11,2,1581,0.0,0.47762024843197093,0.019123466978233212
Generate Key URL Request with Location Id,13750,24,2,4,1,4903,0.0,0.4774854995467187,0.09621966976295467
Search Viewpoints Request,950498,292,126,251,48,24601,0.0,33.00318619436838,115.24383467506281
Search Reference Request,950382,290,128,253,47,23890,0.0,33.00000750014375,90.5718059805022
Search Academic Journals Request,950266,316,153,281,58,24632,0.0,33.00187655182612,98.38982982233125
Retrieve Request with Document Id,39039,708,678,918,301,9013,2.5615410230794848E-5,1.3570042085588143,48.461474849814564
Retrieve Request for Full list,39029,336,254,610,116,7352,0.0,1.3572077261907396,29.441820257266393
TOTAL,2956720,303,138,285,1,24632,3.382126139776509E-7,102.6477468178702,382.04647273090285
