sampler_label,aggregate_report_count,average,aggregate_report_median,aggregate_report_90%_line,aggregate_report_min,aggregate_report_max,aggregate_report_error%,aggregate_report_rate,aggregate_report_bandwidth
HTTP Request - Login,26827,1411,1376,2336,287,142805,0.0,0.9313146182616817,1597.3145831151496
HTTP Request - PerformBasicSearch,66924,602,357,1297,95,138571,0.0,2.323566212366952,613.8447323127098
HTTP Request - PerformAdvancedSearch,53524,566,321,1288,96,9305,0.0,1.8579499963465131,390.823114718005
HTTP Request - View All,64596,479,233,1215,79,139268,0.0,2.242931152263692,448.05174796983937
HTTP Request - RetrieveDocument,64578,515,252,1237,111,139604,0.0,2.242804085099998,563.7918350654204
HTTP Request - Browse Sub Category,13375,809,406,1346,141,7419,0.0,0.46428957117451514,665.6489930924407
HTTP Request - Topic,13367,603,385,1297,12,5976,0.0,0.4645949423416718,116.50664390595252
TOTAL,303191,632,322,1346,12,142805,0.0,10.514904348291713,4391.124980260126
