sampler_label,aggregate_report_count,average,aggregate_report_median,aggregate_report_90%_line,aggregate_report_min,aggregate_report_max,aggregate_report_error%,aggregate_report_rate,aggregate_report_bandwidth
HTTP Request - Login,11006,908,519,1497,85,139270,0.0,0.38146087662246514,742.8240909715132
HTTP Request - loginWithInfoMark - Topics,2747,799,490,1503,144,4728,0.0,0.09528434085626387,119.87745290622615
HTTP Request - PerformBasicSearch,10302,926,651,1490,158,9269,0.0,0.35676684050652163,682.0657506358459
HTTP Request - RetrieveTopic,10291,692,398,1379,142,5282,0.0,0.3564174624815293,563.3862787553905
HTTP Request - Browse Eras,4122,1541,1371,2681,88,36242,0.0,0.1427542206954624,1660.2411649800367
HTTP Request - Topic,4111,720,437,1393,174,139242,0.0,0.14252154836713674,209.00974464164827
TOTAL,42579,896,521,1540,85,139270,0.0,1.4730098678065406,3972.11220420867
